,Producto,Precio,Porcentaje,Precio anterior
0,Tienda Oficial - Anteojos Ray Ban Justin 4165 Polarizados,$ 17.430,30% OFF,$ 24.900
1,Smart Tv Jvc Lt43da5125 Led Full Hd 43  Netflix Youtube Wifi,$ 36.000,23% OFF,$ 46.999
2,Zapatillas Puma Cali 1037 Grid,$ 8.779,32% OFF,$ 12.999
3,Perfume Importado Mujer Versace Red Jeans Edt 75ml ,$ 3.714,53% OFF,$ 7.960
4,Celular Smartphone Alcatel 1 Re-look 1gb Ram 16gb Negro New,$ 10.899,9% OFF,$ 11.999
5,Notebook Dell Inspiron 3501 I3 4gb 1tb Windows 10,$ 70.999,16% OFF,$ 84.999
6,Xiaomi Mi Smart Band 6 1.56  Caja De  Plástico Pc Malla  Black De  Tpu Y Aleación De Aluminio Xmsh15hm,$ 4.904,0%,
7,Smart Tv Noblex 32  Led Dk32x5000 Hd Hdmi Wifi,$ 27.000,24% OFF,$ 35.999
8,Zapatilla Topper Ultralight Ii 52510 - Nuevo!!!,$ 3.99920,20% OFF,$ 4.999
9,Freezer Vertical Eslabón De Lujo Evu22d1 Blanco 142l 220v ,$ 58.558,34% OFF,$ 88.999
10,Auriculares In-ear Gamer Inalámbricos Haylou Gt Series Gt1 Negro,$ 2.049,0%,
11,Membrana Líquida Techos Impermeable 20 Kg Kroner Oferta,$ 3.799,5% OFF,$ 3.999
12,Smart Tv Samsung Series 7 Un50tu7000gczb Led 4k 50  220v - 240v,$ 73.499,6% OFF,$ 78.999
13,Versace Blue Jeans Edt 75 ml Para  Hombre,$ 3.714,57% OFF,$ 8.780
14,Soldadora Inverter Lusqtoff Iron 100 + Mascara + Accesorios,$ 13.58215,11% OFF,$ 15.399
15, Moto G100 128 Gb Azul Nimbus 8 Gb Ram,$ 79.999,11% OFF,$ 89.999
16,Auriculares In-ear Inalámbricos Samsung Galaxy Buds+ Negro,$ 13.499,15% OFF,$ 15.999
17,Juego De Herramientas Mecánicas Dewalt (50 Piezas),$ 4.899,38% OFF,$ 7.999
18,Ionizador Solar Pileta Gadnic Boya Anti Sarro Y Bacterias ,$ 11.999,34% OFF,$ 18.449
19, Xiaomi Mi Box S Mdz-22-ab  De Voz 4k 8gb  Negro Con 2gb De Memoria Ram,$ 11.579,0%,
20,Soldadora Electrica Inverter Gamma 130 Mma + Mascara + Acc,$ 16.339,28% OFF,$ 22.799
21,Samsung Galaxy A72 128 Gb Awesome Black 6 Gb Ram,$ 63.999,13% OFF,$ 73.999
22,Taladro Eléctrico Percutor Y Destornillador Philco Tp711 3000rpm 710w Verde 220v,$ 3.949,34% OFF,$ 5.995
23,Horno De Mesa Eléctrico Tedge Tg-he 50l Negro 220v-240v,$ 16.899,15% OFF,$ 19.999
24,Zapatillas Moda Mujer Urbana Plataforma  ,$ 1.97910,10% OFF,$ 2.199
25,Taladro Eléctrico Percutor Y Destornillador Makita M0801g 3200rpm 500w Gris 220v,$ 7.143,17% OFF,$ 8.645
26,Aire Acondicionado Sanyo Split Inverter Frío/calor 2838 Frigorías Blanco 220v - 240v Kcin32ha3an,$ 64.999,23% OFF,$ 84.999
27,Samsung Galaxy S20 Fe 128 Gb Cloud Navy 6 Gb Ram,$ 74.999,8% OFF,$ 81.999
28,Pava Eléctrica Atma Pe5717n Color Blanca 220v 1.7l,$ 3.59910,10% OFF,$ 3.999
29,Barbijo Quirurgico Tapaboca Descartable Anmat X100u Tricapa,$ 84915,15% OFF,$ 999
30,Lavarropas Automático Candy Grandó Vita Gvs128 Blanco 8kg 220 v,$ 59.999,20% OFF,$ 74.999
31,"Zapato Botin De Trabajo Ombu Ozono, Calzado De Seguridad Con Puntera De Acero",$ 6.65550,10% OFF,$ 7.395
32,Barbijo Atom-protect Social C/ Ajuste Nasal Negro Conicet X5,$ 3.58708,8% OFF,$ 3.899
33,Samsung Galaxy A72 128 Gb Awesome White 6 Gb Ram,$ 63.999,13% OFF,$ 73.999
34,Auriculares Bluetooth 5.2 Soundpeats Sonic 15hs Aptx Gamer,$ 6.15384,12% OFF,$ 6.993
35,Microondas Whirlpool Wms20a   Acero Inoxidable 20l 220v,$ 22.999,8% OFF,$ 24.999
36,Parlante Portátil 8w Bluetooth Control Micrófono 8 Pulgadas,$ 4.199,30% OFF,$ 5.999
37,Barbijo Descartable Tapa Boca Maxima Proteccion Caja X 100un,$ 67915,15% OFF,$ 799
38,Samsung Galaxy A72 128 Gb Awesome Blue 6 Gb Ram,$ 63.999,13% OFF,$ 73.999
39,Zapatillas Topper Chalpa 25662 - Lanzamiento!,$ 5.24925,25% OFF,$ 6.999
40,Kit De Inicio Philips Hue White And Color Ambiance +2 Switch,$ 15.399,30% OFF,$ 21.999
41,Barbijo Atom-protect Tapaboca Conicet  Negro Con Clip Nasal ,$ 55108,7% OFF,$ 599
42,Alambre Puas X 500 Mts ,$ 14.44915,15% OFF,$ 16.999
43,LG K41s 32 Gb Titanio 3 Gb Ram,$ 23.999,13% OFF,$ 24.999
44,Stereo Bluetooth Estereo Auto Usb Mp3 Fm Cuotas Sin Interes!,$ 3.74013,10% OFF,$ 4.299
45,Zapatillas Anatómicas Tela Elastizada Cómodas ,$ 1.57410,15% OFF,$ 1.749
46,Termofusora 1500w 6 Boquillas Fusión Caños Agua Gas Stanley,$ 9.85150,19% OFF,$ 11.590
