username ,password,city,state
brownbutterfly404,johnny,La Coruña,Navarra
crazyelephant168,runaway,Masterton,West Coast
blackgoose157,johann,Brøndby Strand,Danmark
sadrabbit458,chaser,Grants Pass,Missouri
goldenelephant268,magnolia,شهریار,چهارمحال و بختیاری
silverswan612,bryan,Århus C.,Midtjylland
sadgorilla584,denise,Lorca,Región de Murcia
bigbutterfly704,trout,Lincoln,Norfolk
yellowbear192,tazmania,Hestvika,Oppland
redwolf946,arthur,Chester,Lancashire
brownkoala103,frog,اراک,خوزستان
greenostrich499,bigfish,Winfield,Alberta
redostrich306,trader,Alcalá de Henares,Cataluña
beautifulpeacock109,tarheel,Deer Lake,Northwest Territories
blueladybug236,dhip6a,Yens,Jura
blackzebra777,ringo,Murcia,Ceuta
goldengorilla180,bike,Chaam,Friesland
greenmouse186,horny,Armagh,Fife
angryfish656,terminat,Samsø,Sjælland
organicmouse755,conover,Newcastle upon Tyne,Tayside
orangegoose552,mongoose,Apucarana,Pará
bigtiger627,tracey,Santa Cruz do Sul,Rio Grande do Sul
purpleostrich999,ricky1,Thundorf,Basel-Landschaft
redbird987,shibby,Napier,West Coast
bluepanda235,reds,Fort Collins,Massachusetts
orangepanda853,sevens,Buncrana,Cavan
tinygoose333,jeter2,Poços de Caldas,Amapá
goldenmeercat305,randolph,زنجان,تهران
happymeercat780,smile,خمینی‌شهر,گیلان
tinymouse512,times,Killarney,Wicklow
redbear605,f00tball,Santiago de Compostela,Comunidad de Madrid
smallmouse179,charley,La Palma,Castilla y León
whiteswan956,pleasure,بیرجند,همدان
lazyostrich454,pantie,Bilecik,Bingöl
greenelephant737,student,Werdohl,Berlin
silverkoala823,cabernet,Gorey,Kerry
crazyduck489,112233,Charlottetown,Manitoba
orangeostrich616,goldfish,Sunshine Coast,Northern Territory
blackrabbit421,hairy,Rheinböllen,Saarland
angryrabbit589,420247,Chesterville,Manitoba
lazymouse521,love,Lower Hutt,Wellington
lazyelephant743,kimmie,Pouso Alegre,Acre
yellowlion268,billyboy,بروجرد,اردبیل
yellowmouse281,race,Burlington,Northwest Territories
goldenleopard442,facial,Angers,Var
tinyrabbit213,thumb,Hirschau,Bremen
tinyelephant520,crew,Hervey Bay,Victoria
purplepanda792,bronson,Logroño,Región de Murcia
tinyfish227,kristin,Preston,Norfolk
sadbear700,smoke1,Siuntio,North Karelia
